Identificativo Titolo,Titolo,Natura,Genere 1,age_decade,n,grouped_rowid
318440,"*Diario di una schiappa : *giornale di bordo di Greg Heffley / di Jeff Kinney. - Milano : Il Castoro, 2008. - 217 p. : ill. ; 21 cm. ((Traduzione di Rossella Bernascone. - In copertina: Un racconto a vignette",Monografia,Letteratura per ragazzi,10,88,1
818395,"*Harry Potter e la maledizione dell'erede : parte uno e due / basato su una storia originale di J. K. Rowling, John Tiffany e Jack Thorne ; un nuovo spettacolo di Jack Thorne ; traduzione di Luigi Spagnol. - Edizione speciale Scriptbook. - [Milano] : Salani, 2016. - 357 p. ; 21 cm. ((Frontespizio su due pagine",Monografia,Letteratura per ragazzi,10,83,2
641282,"*Diario di una schiappa : *si salvi chi può! /  di Jeff Kinney. - Milano : Il Castoro, 2013. - 217 p. : ill. ; 21 cm. ((Traduzione di Rossella Bernascone",Monografia,Letteratura per ragazzi,10,80,3
391023,"*Diario di una schiappa : *ora basta! / di Jeff Kinney. - Milano : Il Castoro, 2010. - 217 p. : ill. ; 21 cm. ((Traduzione di Rossella Bernascone.",Monografia,Letteratura per ragazzi,10,73,4
406452,"*Diario di una schiappa : *vita da cani / di Jeff Kinney. - Milano : Il castoro, 2011. - 214 p. : ill. ; 21 cm. ((Traduzione di Rossella Bernascone",Monografia,Letteratura per ragazzi,10,71,5
719861,"*Diario di una schiappa : *guai in arrivo! / di Jeff Kinney. - Milano : Il Castoro, 2014. - 217 p. : ill. ; 21 cm. ((Traduzione di Rossella Bernascone.",Monografia,Letteratura per ragazzi,10,70,6
62001,"*Harry Potter e la pietra filosofale : romanzo / J. K. Rowling ; illustrazioni di Serena Riglietti ; traduzione di Marina Astrologo. - Milano : Salani, 1998. - 296 p. : ill. ; 21 cm. ((Sul dorso: HP 1. anno",Monografia,Letteratura per ragazzi,10,67,7
641280,"*Diario di una schiappa :  la *dura verità /  di Jeff Kinney. - Milano : Il Castoro, 2012. - 217 p. : ill. ; 22 cm. ((Trad. di Rossella Bernascone e Pier Simone Pischedda.",Monografia,Letteratura per ragazzi,10,65,8
348811,"*Diario di una schiappa : la *legge dei più grandi / di Jeff Kinney. - Milano : Il castoro, 2009. - 216 p. : ill. ; 21 cm. ((Trad. di Rossella Bernascone.",Monografia,Letteratura per ragazzi,10,62,9
741353,"*Diario di una schiappa : *sfortuna nera / di Jeff Kinney. - Milano : Il Castoro, 2014. - 217 p. : ill. ; 21 cm. ((Traduzione di Rossella Bernascone.",Monografia,Letteratura per ragazzi,10,61,10
212914,"L'*amico ritrovato : romanzo / Fred Uhlman ; introduzione di Arthur Koestler ; traduzione di Mariagiulia Castagnone. - Milano : Feltrinelli, 1988. - 92 p. ; 20 cm.",Monografia,NA,10,59,11
246692,"La *fabbrica di cioccolato / Roald Dahl ; illustrazioni di Quentin Blake. - Nuova ed. - Milano : Salani, 2005. - 202 p. : ill. ; 20 cm. ((Trad. di Riccardo Duranti.",Monografia,Letteratura per ragazzi,10,59,12
794960,"*Diario di una schiappa : *portatemi a casa! / di Jeff Kinney. - Milano : Il Castoro, 2015. - 217 p. : ill. ; 22 cm. ((Traduzione di Rossella Bernascone.",Monografia,Letteratura per ragazzi,10,57,13
72938,"*Harry Potter e la camera dei segreti : romanzo / J. K. Rowling ; illustrazioni di Serena Riglietti ; traduzione di Marina Astrologo. - Milano : Salani, 1999. - 307 p. : ill. ; 21 cm. ((Sul dorso: HP 2. anno",Monografia,Letteratura per ragazzi,10,55,14
256544,"*Harry Potter e il Principe Mezzosangue : romanzo / J. K. Rowling ; traduzione di Beatrice Masini. - Milano : Salani, 2006. - 591 p. ; 22 cm. ((Sul dorso: HP 6. anno",Monografia,NA,10,54,15
645149,"*Wonder / R. J. Palacio. - Firenze ; Milano : Giunti, 2013. - 285 p. : ill. ; 22 cm. ((Traduzione di Alessandra Orcese. - La collana è dedotta dalla scheda del libro pubblicata sul sito Giunti",Monografia,Letteratura per ragazzi,10,54,16
727196,"*Percy Jackson e gli dei dell'Olimpo : il *ladro di fulmini / Rick Riordan ; traduzione di Loredana Baldinucci. - Milano : Mondadori, 2010. - 361 p. ; 22 cm. ((1. Vol. Saga",Monografia,Letteratura per ragazzi,10,53,17
92615,"*Dieci piccoli indiani / Agatha Christie ; traduzione di Beata Della Frattina. - Milano : A. Mondadori, 1988. - XVI, 209 p. ; 20 cm.",Monografia,NA,10,49,18
85978,"*Harry Potter e il prigioniero di Azkaban : romanzo / J. K. Rowling ; illustrazioni di Serena Riglietti ; traduzione di Beatrice Masini. - Milano : Salani, 2000. - 368 p. : ill. ; 21 cm. ((Ed. it. a cura di Serena Daniele. - Sul dorso: HP 3. anno",Monografia,NA,10,48,19
248369,"*Se questo è un uomo / Primo Levi ; postfazione di Cesare Segre. - Torino : Einaudi, 2005. - 209 p. ; 21 cm.",Monografia,NA,10,47,20
853657,"*Nel paese dei mostri selvaggi / storia e illustrazioni di Maurice Sendak ; traduzione di Antonio Porta. - Milano : Babalibri, 1999. - [40] p. : in gran parte ill. ; 24x25 cm",Monografia,Letteratura per ragazzi,20,58,1
653497,"*Piccolo blu e piccolo giallo / Leo Lionni. - Milano : Babalibri, 1999. - 1 volume : in gran parte ill. ; 21 x 21 cm",Monografia,Letteratura per ragazzi,20,50,2
817474,"I *quattro codici : civile e di procedura civile, penale e di procedura penale : con le disposizioni di attuazione e transitorie, la Costituzione della Repubblica Italiana e un dettagliato indice-sommario / L. Franchi, V. Feroci, S. Ferrari ; corredati di richiami e di note di coordinamento a cura di Giorgio Ferrari. - editio minor. - Milano : Hoepli, 2016. - 2366 p. ; 14 cm. ((In copertina: Costituzione; Codice civile e di procedura civile; Codice penale e di procedura penale; con la nuova legge sull'omicio stradale",Monografia,NA,20,38,3
221438,"*Ventimila leghe sotto i mari / Jules Verne ; voci narranti del romanzo Maria Teresa Borsò ... [et al.]. - [Roma] : Associazione culturale F.A.T.E., [2003]. - 14 compact disc (ca. 14 h. compless.) : son. ((Tit del contenitore. - Contiene: CD 1.: p.te 1., prefazione, capp. 1.-4., 5.(p.te 1.); CD 2.:capp. 5. (p.te 2.), 6.-9.; CD 3.: capp. 10.-13.; CD 4.: capp. 14.-16.; CD 5.: capp. 17.-19.; CD 6.: capp. 20.-21.; CD 7.: capp. 22.-24.; CD 8.: p.te 2., capp. 1.-4.; CD 9.: 5.-8.; CD 10.: capp. 9.-11.; CD 11.: capp. 12.-14. (p.te 1.); CD 12.: capp. 14. (p.te 2.), 15.-17.; CD 13.: capp. 18.-20.; CD 14.: capp. 21.-23.",Monografia,NA,20,29,4
806868,"*Kobane calling / Zerocalcare. - Milano : Bao publishing, 2016. - 262 p. : fumetti ; 27 cm",Monografia,NA,20,28,5
98417,"*Vocabolario greco italiano / Lorenzo Rocci. - 37. ed. - Milano : Dante Alighieri, 1993. - XX, 2074 p. ; 26 cm.",Monografia,NA,20,27,6
630836,"*Vocabolario della lingua latina : *Il : latino-italiano, italiano-latino / Luigi Castiglioni, Scevola Mariotti ; redatto con la collaborazione di Arturo Brambilla e Gaspare Campagna. - 4. ed. / a cura di Piergiorgio Parroni. -  Torino : Loescher, c2007. - 2272 p. ; 25 cm",Monografia,NA,20,27,7
746984,"2: *Storia del nuovo cognome : giovinezza / Elena Ferrante. - Roma : E/O, 2012. - 470 p. ; 21 cm",Monografia,NA,20,27,8
421121,"*Alfabeto delle fiabe / Antonella Abbatiello, Bruno Tognolini. - Milano : Topipittori, 2011. - [32] p. : in gran parte ill. ; 32 cm. ((Contiene una tavola sinottica in cui rintracciare fiabe e simboli, facendo riferimento ai testi raccolti da Italo Calvino nelle Fiabe Italiane. - Realizzato nell'ambito del progetto Leggere che piacere.",Monografia,Letteratura per ragazzi,20,25,9
739650,"*Dimentica il mio nome / Zerocalcare [i.e. Michele Rech]. - Milano : Bao Publishing, 2014. - 235 p. : fumetti ; 25 cm.",Monografia,NA,20,25,10
625762,"Un *polpo alla gola / Zerocalcare [i.e. Michele Rech]. - Milano : Bao, 2012. - 178 p. : fumetti ; 24 cm",Monografia,Letteratura per ragazzi,20,24,11
715063,"Il *francese senza sforzo / [di Anthony Bulger ; adattamento italiano di Maurizio Bagatin ; illustrazioni di J. L. Goussé]. - Chivasso : Assimil Italia, [2008]. - 1 volume (XVII, 542 p. : ill. ; 18 cm) , 4 compact disc ; in contenitore, 24x18x5 cm. ((Indicazioni di responsabilità sul volume. - Sulla custodia: Assimil : il metodo intuitivo. Livello B2: principianti e intermedi. - Titolo del compact disc: Français.",Monografia,NA,20,24,12
823950,"Le *otto montagne / Paolo Cognetti. - Torino : Einaudi, 2016. - 199 p. ; 22 cm.",Monografia,NA,20,23,13
874580,"1: L'*amica geniale : infanzia, adolescenza / Elena Ferrante. - Roma : E/O, 2011. - 327 p. ; 21 cm",Monografia,NA,20,22,14
863474,"*Macerie prime / Zerocalcare. - Ed. regular. - Milano : Bao, 2017. - 185 p. : fumetti ; 25 cm",Monografia,Letteratura per ragazzi,20,21,15
616054,"La *profezia dell'armadillo : colore 8-bit /  Zerocalcare [i.e. Michele Rech]. - Milano : Bao Publishing, 2012. - 143 p. : fumetti ; 24 cm",Monografia,NA,20,20,16
758709,"La *ragazza del treno / Paula Hawkins ; traduzione di Barbara Porteri. - Milano : Piemme, 2015. - 306 p. ; 24 cm",Monografia,NA,20,19,17
413543,"*Lehrbuch C1 / Albert Daniels ... [et al.]. - Barcelona [etc.] : Klett, 2008. - 183 p. : ill. ; 29 cm + 4 compact disc.",Monografia,NA,20,19,18
746986,"3: *Storia di chi fugge e di chi resta : *tempo di mezzo / Elena Ferrante. - Roma : E/O, 2013. - 382 p. ; 21 cm.",Monografia,NA,20,18,19
790382,"L'*elenco telefonico degli accolli : *Zerocalcare.it, dal 4 marzo 2013 al 7 aprile 2015 / Zerocalcare. - Milano : Bao Publishing, 2015. - 193 p. : fumetti ; 24 cm. ((Edizione di 5555 esemplari numerati a mano, con copertina disegnata da Leo Ortolani e colorata da Lorenzo Ortolani.",Monografia,NA,20,18,20
653497,"*Piccolo blu e piccolo giallo / Leo Lionni. - Milano : Babalibri, 1999. - 1 volume : in gran parte ill. ; 21 x 21 cm",Monografia,Letteratura per ragazzi,30,64,1
853657,"*Nel paese dei mostri selvaggi / storia e illustrazioni di Maurice Sendak ; traduzione di Antonio Porta. - Milano : Babalibri, 1999. - [40] p. : in gran parte ill. ; 24x25 cm",Monografia,Letteratura per ragazzi,30,54,2
264611,"*Guizzino / Leo Lionni. - Milano : Babalibri, [2006]. - [29] p. : ill. ; 28 cm",Monografia,Letteratura per ragazzi,30,43,3
795726,"*Io vado! / Matthieu Maudet ; [traduzione di Federica Rocca]. - Milano : Babalibri, 2015. - [26] p. : cartone, in gran parte ill. ; 19 x 19 cm. ((Premio Nazionale Nati per Leggere 2017 - Sezione Crescere con i libri",Monografia,Letteratura per ragazzi,30,41,4
823950,"Le *otto montagne / Paolo Cognetti. - Torino : Einaudi, 2016. - 199 p. ; 22 cm.",Monografia,NA,30,35,5
863474,"*Macerie prime / Zerocalcare. - Ed. regular. - Milano : Bao, 2017. - 185 p. : fumetti ; 25 cm",Monografia,Letteratura per ragazzi,30,33,6
874580,"1: L'*amica geniale : infanzia, adolescenza / Elena Ferrante. - Roma : E/O, 2011. - 327 p. ; 21 cm",Monografia,NA,30,32,7
91688,"*Che rabbia! / Mireille d'Allance ; [traduzione di Anna Morpurgo]. - Milano : Babalibri, c2000. - 1 volume : ill. ; 27 cm",Monografia,Letteratura per ragazzi,30,28,8
178824,"*Sono io il piu forte! / Mario Ramos. - Milano : Babalibri, [2002]. - [13] c. : ill. ; 25 cm. ((Trad. di Federica Rocca.",Monografia,Letteratura per ragazzi,30,28,9
337636,"*Pappamolla / Stephanie Blake. - Milano : Babalibri, [2008]. - [36] p. : ill ; 29 cm. ((Trad. di Federica Rocca.",Monografia,Letteratura per ragazzi,30,28,10
355474,"*Blub, blub, blub / Yuichi Kasano. - Milano : Babalibri, [2009]. - [26] p. : in gran parte ill. ; 22x21 cm. ((Trad. di Su Kimura.",Monografia,Letteratura per ragazzi,30,28,11
713338,"*Orso, buco! / di Nicola Grossi ; con Silvia Borando e Lorenzo Clerici. - Reggio Emilia : Minibombo, 2013. - [40] p. : in gran parte ill. ; 21 x 21 cm",Monografia,Letteratura per ragazzi,30,28,12
739650,"*Dimentica il mio nome / Zerocalcare [i.e. Michele Rech]. - Milano : Bao Publishing, 2014. - 235 p. : fumetti ; 25 cm.",Monografia,NA,30,28,13
806757,"*Come? Cosa? / Fabian Negrin. - Roma : Orecchio acerbo, 2016. - [36] p. : in gran parte ill. ; 32 cm",Monografia,Letteratura per ragazzi,30,28,14
723190,"I *cinque Malfatti / Beatrice Alemagna. - Milano : Topipittori, 2014. - [36] p. : in gran parte ill. ; 32 cm. ((Testo stampato maiuscolo",Monografia,Letteratura per ragazzi,30,28,15
221438,"*Ventimila leghe sotto i mari / Jules Verne ; voci narranti del romanzo Maria Teresa Borsò ... [et al.]. - [Roma] : Associazione culturale F.A.T.E., [2003]. - 14 compact disc (ca. 14 h. compless.) : son. ((Tit del contenitore. - Contiene: CD 1.: p.te 1., prefazione, capp. 1.-4., 5.(p.te 1.); CD 2.:capp. 5. (p.te 2.), 6.-9.; CD 3.: capp. 10.-13.; CD 4.: capp. 14.-16.; CD 5.: capp. 17.-19.; CD 6.: capp. 20.-21.; CD 7.: capp. 22.-24.; CD 8.: p.te 2., capp. 1.-4.; CD 9.: 5.-8.; CD 10.: capp. 9.-11.; CD 11.: capp. 12.-14. (p.te 1.); CD 12.: capp. 14. (p.te 2.), 15.-17.; CD 13.: capp. 18.-20.; CD 14.: capp. 21.-23.",Monografia,NA,30,28,16
746986,"3: *Storia di chi fugge e di chi resta : *tempo di mezzo / Elena Ferrante. - Roma : E/O, 2013. - 382 p. ; 21 cm.",Monografia,NA,30,27,17
233250,"*Mangerei volentieri un bambino / Sylviane Donnio ; illustrazioni di Dorothée de Monfreid. - Milano : Babalibri, c2005. - [12] c. : ill. ; 23 x 28 cm. ((Trad. di Federica Rocca. - Senza paginazione.",Monografia,Letteratura per ragazzi,30,26,18
806868,"*Kobane calling / Zerocalcare. - Milano : Bao publishing, 2016. - 262 p. : fumetti ; 27 cm",Monografia,NA,30,26,19
841203,"La *più amata : romanzo / Teresa Ciabatti. - Milano : Mondadori, 2017. - 218 p. ; 24 cm. ((A pagina IV di copertina: eBook disponibile",Monografia,NA,30,26,20
874580,"1: L'*amica geniale : infanzia, adolescenza / Elena Ferrante. - Roma : E/O, 2011. - 327 p. ; 21 cm",Monografia,NA,40,74,1
823950,"Le *otto montagne / Paolo Cognetti. - Torino : Einaudi, 2016. - 199 p. ; 22 cm.",Monografia,NA,40,63,2
866415,"La *ragazza con la Leica : romanzo / Helena Janeczek. - Milano : Guanda, 2017. - 333 p. : ill. ; 22 cm",Monografia,NA,40,55,3
653497,"*Piccolo blu e piccolo giallo / Leo Lionni. - Milano : Babalibri, 1999. - 1 volume : in gran parte ill. ; 21 x 21 cm",Monografia,Letteratura per ragazzi,40,54,4
746987,"4: *Storia della bambina perduta : maturità - vecchiaia / Elena Ferrante. - Roma : E/O, 2014. - 451 p. ; 21 cm",Monografia,NA,40,46,5
853657,"*Nel paese dei mostri selvaggi / storia e illustrazioni di Maurice Sendak ; traduzione di Antonio Porta. - Milano : Babalibri, 1999. - [40] p. : in gran parte ill. ; 24x25 cm",Monografia,Letteratura per ragazzi,40,43,6
598084,"*Cornabicorna / una storia scritta da Pierre Bertrand ; illustrata da Magali Bonniol. - Milano : Babalibri, 2012. - [30] p. : ill. ; 26 x 31 cm. ((Traduzione di Federica Rocca",Monografia,NA,40,41,7
746984,"2: *Storia del nuovo cognome : giovinezza / Elena Ferrante. - Roma : E/O, 2012. - 470 p. ; 21 cm",Monografia,NA,40,40,8
836554,"L'*Arminuta / Donatella Di Pietrantonio. - Torino : Einaudi, 2017. - 163 p. ; 23 cm",Monografia,NA,40,40,9
758709,"La *ragazza del treno / Paula Hawkins ; traduzione di Barbara Porteri. - Milano : Piemme, 2015. - 306 p. ; 24 cm",Monografia,NA,40,39,10
264611,"*Guizzino / Leo Lionni. - Milano : Babalibri, [2006]. - [29] p. : ill. ; 28 cm",Monografia,Letteratura per ragazzi,40,38,11
746986,"3: *Storia di chi fugge e di chi resta : *tempo di mezzo / Elena Ferrante. - Roma : E/O, 2013. - 382 p. ; 21 cm.",Monografia,NA,40,38,12
178824,"*Sono io il piu forte! / Mario Ramos. - Milano : Babalibri, [2002]. - [13] c. : ill. ; 25 cm. ((Trad. di Federica Rocca.",Monografia,Letteratura per ragazzi,40,36,13
863474,"*Macerie prime / Zerocalcare. - Ed. regular. - Milano : Bao, 2017. - 185 p. : fumetti ; 25 cm",Monografia,Letteratura per ragazzi,40,36,14
841203,"La *più amata : romanzo / Teresa Ciabatti. - Milano : Mondadori, 2017. - 218 p. ; 24 cm. ((A pagina IV di copertina: eBook disponibile",Monografia,NA,40,35,15
102062,"Un *colore tutto mio / Leo Lionni. - Milano : Babalibri, [2001]. - [28] p. : ill. ; 29 cm",Monografia,Letteratura per ragazzi,40,34,16
186412,"Una *casetta troppo stretta / scritto da Julia Donaldson ; illustrato da Axel Scheffler. - San Dorligo della Valle : Emme, 2003. - [28] p. : in gran parte ill. ; 28 cm.",Monografia,Letteratura per ragazzi,40,34,17
824204,"Una *tigre all'ora del tè / Judith Kerr. - Milano : Mondadori, 2016. - 1 volume (senza paginazione) : ill. ; 29 cm. ((Traduzione di Augusto Macchetto. - Testo a grandi caratteri tipografici.",Monografia,Letteratura per ragazzi,40,32,18
870622,"*Resto qui / Marco Balzano. - Torino : Einaudi, 2018. - 184 p. ; 23 cm",Monografia,NA,40,32,19
649682,"*Lupo & Lupetto / Nadine Brun-Cosme, Olivier Tallec. - Firenze : Edizioni Clichy, 2013. - [32] p. : in gran parte ill. ; 31 cm. ((Traduzione di Tommaso Gurrieri.",Monografia,Letteratura per ragazzi,40,31,20
823950,"Le *otto montagne / Paolo Cognetti. - Torino : Einaudi, 2016. - 199 p. ; 22 cm.",Monografia,NA,50,99,1
867817,"Il *morso della reclusa / Fred Vargas ; traduzione di Margherita Botto. - Torino : Einaudi, 2018. - 432 p. ; 22 cm",Monografia,NA,50,82,2
746984,"2: *Storia del nuovo cognome : giovinezza / Elena Ferrante. - Roma : E/O, 2012. - 470 p. ; 21 cm",Monografia,NA,50,70,3
851209,"*Rondini d'inverno : sipario per il commissario Ricciardi / Maurizio De Giovanni. - Torino : Einaudi, 2017. - 356 p. ; 22 cm",Monografia,NA,50,68,4
870622,"*Resto qui / Marco Balzano. - Torino : Einaudi, 2018. - 184 p. ; 23 cm",Monografia,NA,50,67,5
874580,"1: L'*amica geniale : infanzia, adolescenza / Elena Ferrante. - Roma : E/O, 2011. - 327 p. ; 21 cm",Monografia,NA,50,64,6
746987,"4: *Storia della bambina perduta : maturità - vecchiaia / Elena Ferrante. - Roma : E/O, 2014. - 451 p. ; 21 cm",Monografia,NA,50,60,7
874363,"*Sara al tramonto / Maurizio de Giovanni. - Milano : Rizzoli, 2018. - 359 p. ; 22 cm",Monografia,NA,50,59,8
746986,"3: *Storia di chi fugge e di chi resta : *tempo di mezzo / Elena Ferrante. - Roma : E/O, 2013. - 382 p. ; 21 cm.",Monografia,NA,50,58,9
836554,"L'*Arminuta / Donatella Di Pietrantonio. - Torino : Einaudi, 2017. - 163 p. ; 23 cm",Monografia,NA,50,58,10
866415,"La *ragazza con la Leica : romanzo / Helena Janeczek. - Milano : Guanda, 2017. - 333 p. : ill. ; 22 cm",Monografia,NA,50,58,11
864821,"*Souvenir : per i Bastardi di Pizzofalcone / Maurizio De Giovanni. - Torino : Einaudi, 2017. - 328 p. ; 22 cm",Monografia,NA,50,57,12
872054,"*Mio caro serial killer / Alicia Giménez-Bartlett ; traduzione di Maria Nicola. - Palermo : Sellerio, 2018. - 471 p. ; 17 cm.",Monografia,NA,50,56,13
842687,"I *guardiani / Maurizio De Giovanni. - [Milano] : Rizzoli, 2017. - 362 p. ; 24 cm",Monografia,NA,50,55,14
812200,"*Serenata senza nome : notturno per il commissario Ricciardi / Maurizio De Giovanni. - Torino : Einaudi, 2016. - 373 p. ; 22 cm.",Monografia,NA,50,54,15
824924,"*Pane : per i Bastardi di Pizzofalcone / Maurizio De Giovanni. - Torino : Einaudi, 2016. - 331 p. ; 22 cm",Monografia,NA,50,54,16
859858,"Le *tre del mattino / Gianrico Carofiglio. - Torino : Einaudi, 2017. - 165 p. ; 22 cm",Monografia,NA,50,54,17
854387,"*Pulvis et umbra / Antonio Manzini. - Palermo : Sellerio, 2017. - 403 p. ; 17 cm",Monografia,NA,50,50,18
813221,"*7-7-2007 / Antonio Manzini. - Palermo : Sellerio, 2016. - 369 p. ; 17 cm",Monografia,NA,50,49,19
865500,"L'*uomo del labirinto / romanzo di Donato Carrisi. - Milano : Longanesi, 2017. - 390 p. ; 24 cm",Monografia,NA,50,46,20
870622,"*Resto qui / Marco Balzano. - Torino : Einaudi, 2018. - 184 p. ; 23 cm",Monografia,NA,60,101,1
874363,"*Sara al tramonto / Maurizio de Giovanni. - Milano : Rizzoli, 2018. - 359 p. ; 22 cm",Monografia,NA,60,101,2
851209,"*Rondini d'inverno : sipario per il commissario Ricciardi / Maurizio De Giovanni. - Torino : Einaudi, 2017. - 356 p. ; 22 cm",Monografia,NA,60,97,3
866415,"La *ragazza con la Leica : romanzo / Helena Janeczek. - Milano : Guanda, 2017. - 333 p. : ill. ; 22 cm",Monografia,NA,60,94,4
873308,"L'*estate del '78 / Roberto Alajmo. - Palermo : Sellerio, 2018. - 173 p. : ill. ; 21 cm",Monografia,NA,60,90,5
821907,"L'*estate fredda / Gianrico Carofiglio. - Torino : Einaudi, 2016. - 340 p. ; 22 cm",Monografia,NA,60,89,6
823950,"Le *otto montagne / Paolo Cognetti. - Torino : Einaudi, 2016. - 199 p. ; 22 cm.",Monografia,NA,60,89,7
867817,"Il *morso della reclusa / Fred Vargas ; traduzione di Margherita Botto. - Torino : Einaudi, 2018. - 432 p. ; 22 cm",Monografia,NA,60,88,8
746986,"3: *Storia di chi fugge e di chi resta : *tempo di mezzo / Elena Ferrante. - Roma : E/O, 2013. - 382 p. ; 21 cm.",Monografia,NA,60,85,9
859858,"Le *tre del mattino / Gianrico Carofiglio. - Torino : Einaudi, 2017. - 165 p. ; 22 cm",Monografia,NA,60,85,10
812200,"*Serenata senza nome : notturno per il commissario Ricciardi / Maurizio De Giovanni. - Torino : Einaudi, 2016. - 373 p. ; 22 cm.",Monografia,NA,60,82,11
842687,"I *guardiani / Maurizio De Giovanni. - [Milano] : Rizzoli, 2017. - 362 p. ; 24 cm",Monografia,NA,60,82,12
874580,"1: L'*amica geniale : infanzia, adolescenza / Elena Ferrante. - Roma : E/O, 2011. - 327 p. ; 21 cm",Monografia,NA,60,81,13
864821,"*Souvenir : per i Bastardi di Pizzofalcone / Maurizio De Giovanni. - Torino : Einaudi, 2017. - 328 p. ; 22 cm",Monografia,NA,60,78,14
872054,"*Mio caro serial killer / Alicia Giménez-Bartlett ; traduzione di Maria Nicola. - Palermo : Sellerio, 2018. - 471 p. ; 17 cm.",Monografia,NA,60,78,15
876186,"*Di niente e di nessuno : [romanzo] / Dario Levantino. - Roma : Fazi, 2018. - 159 p. ; 22 cm. ((In quarta di copertina: eBook disponibile",Monografia,NA,60,77,16
746987,"4: *Storia della bambina perduta : maturità - vecchiaia / Elena Ferrante. - Roma : E/O, 2014. - 451 p. ; 21 cm",Monografia,NA,60,75,17
824924,"*Pane : per i Bastardi di Pizzofalcone / Maurizio De Giovanni. - Torino : Einaudi, 2016. - 331 p. ; 22 cm",Monografia,NA,60,75,18
836554,"L'*Arminuta / Donatella Di Pietrantonio. - Torino : Einaudi, 2017. - 163 p. ; 23 cm",Monografia,NA,60,74,19
867427,"*Questa sera è già domani / Lia Levi. - Roma : E/O, 2017. - 217 p. ; 21 cm",Monografia,NA,60,70,20
842687,"I *guardiani / Maurizio De Giovanni. - [Milano] : Rizzoli, 2017. - 362 p. ; 24 cm",Monografia,NA,70,70,1
824924,"*Pane : per i Bastardi di Pizzofalcone / Maurizio De Giovanni. - Torino : Einaudi, 2016. - 331 p. ; 22 cm",Monografia,NA,70,64,2
870622,"*Resto qui / Marco Balzano. - Torino : Einaudi, 2018. - 184 p. ; 23 cm",Monografia,NA,70,64,3
873308,"L'*estate del '78 / Roberto Alajmo. - Palermo : Sellerio, 2018. - 173 p. : ill. ; 21 cm",Monografia,NA,70,59,4
876186,"*Di niente e di nessuno : [romanzo] / Dario Levantino. - Roma : Fazi, 2018. - 159 p. ; 22 cm. ((In quarta di copertina: eBook disponibile",Monografia,NA,70,59,5
821907,"L'*estate fredda / Gianrico Carofiglio. - Torino : Einaudi, 2016. - 340 p. ; 22 cm",Monografia,NA,70,58,6
866415,"La *ragazza con la Leica : romanzo / Helena Janeczek. - Milano : Guanda, 2017. - 333 p. : ill. ; 22 cm",Monografia,NA,70,58,7
812200,"*Serenata senza nome : notturno per il commissario Ricciardi / Maurizio De Giovanni. - Torino : Einaudi, 2016. - 373 p. ; 22 cm.",Monografia,NA,70,55,8
867427,"*Questa sera è già domani / Lia Levi. - Roma : E/O, 2017. - 217 p. ; 21 cm",Monografia,NA,70,55,9
851209,"*Rondini d'inverno : sipario per il commissario Ricciardi / Maurizio De Giovanni. - Torino : Einaudi, 2017. - 356 p. ; 22 cm",Monografia,NA,70,52,10
859858,"Le *tre del mattino / Gianrico Carofiglio. - Torino : Einaudi, 2017. - 165 p. ; 22 cm",Monografia,NA,70,52,11
864821,"*Souvenir : per i Bastardi di Pizzofalcone / Maurizio De Giovanni. - Torino : Einaudi, 2017. - 328 p. ; 22 cm",Monografia,NA,70,52,12
870429,"La *corsara : ritratto di Natalia Ginzburg / Sandra Petrignani. - Vicenza : Pozza, 2018. - 459  p. : ill. ; 22 cm. ((In copertina: Neri Pozza narrativa",Monografia,NA,70,52,13
836554,"L'*Arminuta / Donatella Di Pietrantonio. - Torino : Einaudi, 2017. - 163 p. ; 23 cm",Monografia,NA,70,51,14
874580,"1: L'*amica geniale : infanzia, adolescenza / Elena Ferrante. - Roma : E/O, 2011. - 327 p. ; 21 cm",Monografia,NA,70,51,15
746986,"3: *Storia di chi fugge e di chi resta : *tempo di mezzo / Elena Ferrante. - Roma : E/O, 2013. - 382 p. ; 21 cm.",Monografia,NA,70,50,16
823950,"Le *otto montagne / Paolo Cognetti. - Torino : Einaudi, 2016. - 199 p. ; 22 cm.",Monografia,NA,70,49,17
880335,"*Non solo di cose d'amore : noi, Socrate e la ricerca della felicità / Pietro Del Soldà. - Venezia : Marsilio, 2018. - 191 p. ; 21 cm.",Monografia,NA,70,48,18
867733,"*Sangue giusto / Francesca Melandri. - [Milano] : Rizzoli, 2017. - 527 p. ; 24 cm",Monografia,NA,70,47,19
871523,"Il *puzzle Moro / Giovanni Fasanella. - Milano : Chiarelettere, 2018. - 358 p. ; 21 cm. ((Sulla copertina: Da testimonianze e documenti inglesi e americani desecretati la verità sull'assassinio del leader DC.",Monografia,NA,70,47,20
372859,"La *fine è il mio inizio : un padre racconta al figlio il grande viaggio della vita / Tiziano Terzani ; letto da Edoardo Siravo. - [Milano] : Salani, ©2008. - 12 compact disc (14 h 4 min) ; 12 cm + 1 fasc. ([4] carte). ((Versione integrale. - In contenitore. - Tit. del contenitore. - Prima del tit.: Longanesi presenta.",Monografia,NA,80,24,1
819897,"*Dieci e lode / Sveva Casati Modignani. - Milano : Sperling & Kupfer, 2016. - VIII, 502 p. ; 23 cm",Monografia,NA,80,17,2
842687,"I *guardiani / Maurizio De Giovanni. - [Milano] : Rizzoli, 2017. - 362 p. ; 24 cm",Monografia,NA,80,17,3
859858,"Le *tre del mattino / Gianrico Carofiglio. - Torino : Einaudi, 2017. - 165 p. ; 22 cm",Monografia,NA,80,16,4
314102,"La *Sistina svelata : iconografia di un capolavoro / Heinrich W. Pfeiffer. - [Città del Vaticano] : Musei vaticani : Libreria editrice vaticana ; [Milano] : Jaca book, [2007]. - 351 p. : ill. ; 34 cm. ((Traduzione di Renato Tallone.",Monografia,NA,80,16,5
874580,"1: L'*amica geniale : infanzia, adolescenza / Elena Ferrante. - Roma : E/O, 2011. - 327 p. ; 21 cm",Monografia,NA,80,14,6
639544,"La *carta più alta /  Marco Malvaldi. - Palermo : Sellerio, 2012. - 198 p. ; 17 cm",Monografia,NA,80,12,7
808586,"*Caffè amaro / Simonetta Agnello Hornby. - Milano : Feltrinelli, 2016. - 348 p. ; 23 cm.",Monografia,NA,80,12,8
811765,"*Magnifica / Maria Rosaria Valentini. - Palermo : Sellerio, 2016. - 268 p. ; 21 cm",Monografia,NA,80,12,9
861921,"*Festa di famiglia / Sveva Casati Modignani. - [Milano] : Sperling & Kupfer, 2017. - 184 p. ; 21 cm",Monografia,NA,80,12,10
824924,"*Pane : per i Bastardi di Pizzofalcone / Maurizio De Giovanni. - Torino : Einaudi, 2016. - 331 p. ; 22 cm",Monografia,NA,80,12,11
873728,"L'*agente del caos / Giancarlo De Cataldo. - Torino : Einaudi, 2018. - 321 p. ; 22 cm",Monografia,NA,80,12,12
821907,"L'*estate fredda / Gianrico Carofiglio. - Torino : Einaudi, 2016. - 340 p. ; 22 cm",Monografia,NA,80,12,13
317771,"*Sandro Veronesi legge Caos calmo / di Sandro Veronesi. - Roma : Emons Italia, [2007!. - 12 compact disc (927 min., 00 sec. compless.) ; in contenitore, 20x17x3 cm + 1 fasc. ((Versione integrale. - Tit. del contenitore. - Tit. del fasc.: La pizza più buona del mondo: conversazione con Sandro Veronesi.",Monografia,NA,80,12,14
812200,"*Serenata senza nome : notturno per il commissario Ricciardi / Maurizio De Giovanni. - Torino : Einaudi, 2016. - 373 p. ; 22 cm.",Monografia,NA,80,11,15
868038,"Il *lato oscuro dell'addio / Michael Connelly ; traduzione di Alfredo Colitto. - Milano : Piemme, 2018. - 368 p. ; 24 cm",Monografia,NA,80,11,16
867427,"*Questa sera è già domani / Lia Levi. - Roma : E/O, 2017. - 217 p. ; 21 cm",Monografia,NA,80,11,17
870429,"La *corsara : ritratto di Natalia Ginzburg / Sandra Petrignani. - Vicenza : Pozza, 2018. - 459  p. : ill. ; 22 cm. ((In copertina: Neri Pozza narrativa",Monografia,NA,80,11,18
748748,"Il *resto della settimana / Maurizio De Giovanni. - [Milano] : Rizzoli, 2015. - 300 p. ; 24 cm.",Monografia,NA,80,10,19
813221,"*7-7-2007 / Antonio Manzini. - Palermo : Sellerio, 2016. - 369 p. ; 17 cm",Monografia,NA,80,10,20
303400,"Le *due tigri / Emilio Salgari ; voci narranti del romanzo Maria Teresa Borsò ... [et al.]. - [Roma] : Associazione culturale F.A.T.E., [2003]. - 10 compact disc (ca. 10 h. compless.) : son. ((Tit del contenitore. - Contiene: CD 1.: introduzione, capp. 1.-3.; CD 2.:capp. 5.-6.; CD 3.: capp. 7.-10.; CD 4.: capp. 11.-13.; CD 5.: capp. 14.-16.; CD 6.: capp. 17.-20.; CD 7.: capp. 21.-24.; CD 8.: capp. 25.-28.; CD 9.: capp. 29.-31.; CD 10.: capp. 32.-33., conclusione.",Monografia,Letteratura per ragazzi,90,10,1
219843,"Il *ritratto di Dorian Gray / Oscar Wilde ; voci narranti del romanzo Maria Teresa Borsò ... [et al.]. - [Roma] : Associazione culturale F.A.T.E., [2003]. - 9 compact disc (ca. 9 h. compless.) : son. ((Tit. del contenitore. - Contiene: CD 1.: prefazione, capp. 1., 2.(parte 1.); CD 2.: capp. 2. (parte 2.), 3., 4. (p.te 1.); CD 3.: capp. 4 (p.te 2.), 5.-6.; CD 4.: capp. 7.-8.; CD 5.: capp. 9.-10.; CD 6.: capp. 11 (p.ti 1. e 2.), 12.; CD 7.: capp. 13.-15.; CD 8.: capp. 16.-18.; CD 9.: capp. 19.-20.",Monografia,NA,90,9,2
220611,"*Racconti / Mark Twain ; voci narranti dei racconti: Maria Teresa Borsò ... [et al.]. - [Roma] : Associazione culturale F.A.T.E., [2003]. - 5 compact disc (ca. 3 h. compless.) : son. ((Tit. del contenitore. - Contiene: L'uomo che corruppe Hadleyburg; Un biglietto da un milione di sterline; Un legato di trentamila dollari.",Monografia,NA,90,5,3
392433,"I *segreti del Vaticano : storie, luoghi, personaggi di un potere millenario / Corrado Augias. - Milano : Mondadori, 2010. - 385 p., [12] carte di tav. : ill. ; 23 cm. ((In appendice: Quando una Chiesa si fa Stato, dello stesso autore",Monografia,NA,90,5,4
608260,"Una *lama di luce / Andrea Camilleri. - Palermo : Sellerio, 2012. - 263 p. ; 17 cm",Monografia,NA,90,4,5
365634,"*Musica dura / Michael Connelly ; traduzione di Gianni Montanari. - Casale Monferrato : Piemme, 2005. - 488 p. ; 18 cm.",Monografia,NA,90,3,6
388898,"*Acqua in bocca / Andrea Camilleri, Carlo Lucarelli. - Roma : Minimum fax, 2010. - 108 p. : ill. ; 19 cm.",Monografia,NA,90,3,7
639544,"La *carta più alta /  Marco Malvaldi. - Palermo : Sellerio, 2012. - 198 p. ; 17 cm",Monografia,NA,90,3,8
298907,"Le *inchieste del commissario Collura / Andrea Camilleri. - Milano : Oscar Mondadori, 2007. - 109 p. ; 18 cm.",Monografia,NA,90,3,9
635877,"La *rivoluzione della luna /  Andrea Camilleri. - Palermo : Sellerio, 2013. - 276 p. ; 17 cm",Monografia,NA,90,3,10
746987,"4: *Storia della bambina perduta : maturità - vecchiaia / Elena Ferrante. - Roma : E/O, 2014. - 451 p. ; 21 cm",Monografia,NA,90,3,11
344213,"Un *sabato, con gli amici : romanzo / Andrea Camilleri. - Milano : Mondadori, 2009. - 142 p. ; 23 cm.",Monografia,NA,90,3,12
644326,"Il *segugio della morte /Agatha Christie ; traduzione e postfazione di Giuseppe Lippi. -    Milano : Oscar Mondadori, stampa 2009. - 223 p. ; 20 cm. ((Sul dorso: Narrativa 1455.",Monografia,NA,90,3,13
88476,"*Alla deriva / Agatha Christie ; traduzione di Giovanna Soncelli ; prefazione di Alex Falzon. - Milano : A. Mondadori, stampa 1999. - 191 p. ; 19 cm",Monografia,NA,90,3,14
173035,"La *serie infernale / Agatha Christie ; traduzione di T.N.S. ; prefazione e postfazione di Renato Olivieri. - Milano : A. Mondadori, 1979. - 205 p. ; 19 cm.",Monografia,NA,90,3,15
276196,"*C'è un cadavere in biblioteca / Agatha Christie ; traduzione di Alberto Tedeschi. - 22. rist. - Milano : A. Mondadori, stampa 2004. - 202 p. ; 20 cm.",Monografia,NA,90,3,16
188969,"*Dieci piccoli indiani (...e poi non rimase nessuno) / Agatha Christie ; traduzione di Beata Della Frattina ; prefazione e postfazione di Alex R. Falzon. - Milano : Oscar Mondadori, 1982. - 180 p. ; 20 cm.",Monografia,Letteratura per ragazzi,90,3,17
817670,"*1Q84 / Murakami Haruki ; traduzione dal giapponese di Giorgio Amitrano. - Torino : Einaudi, 2014. - 3 volumi (1157 p.) ; 21 cm. ((In custodia",Monografia,NA,90,3,18
842687,"I *guardiani / Maurizio De Giovanni. - [Milano] : Rizzoli, 2017. - 362 p. ; 24 cm",Monografia,NA,90,3,19
405376,"*Vicino a te non ho paura / Nicholas Sparks ; traduzione di Alessandra Petrelli. - [Milano] : Frassinelli, 2011. - IX, 399 p. ; 22 cm.",Monografia,NA,90,3,20
